id,Tg,FFV,Tc,Density,Rg
1109053969,159.36785804729794,0.3728296199999999,0.183653,1.145712614056,20.42981037248
1422188626,163.98401317111984,0.3744747199999997,0.23574933333333345,1.1123855376999996,19.75889591966
2032016830,95.52006848914002,0.3504639900000007,0.2687803333333334,1.0859021686800001,20.639773959320003
