id,Tg,FFV,Tc,Density,Rg
1109053969,153.44877012906915,0.37535570011006214,0.16832962726555728,1.1698625704512327,19.918274389977107
1422188626,155.14683288762427,0.3778350880359461,0.23074465420239543,1.0847989821335133,20.020350634364387
2032016830,140.0809763338903,0.35043450802642945,0.2553737261485967,1.0999183708709726,20.356958315844963
