id,Tg,FFV,Tc,Density,Rg
1109053969,183.512849499729,0.37550862493189574,0.18856423713985523,1.17583848958848,20.756391490692437
1422188626,183.57010684625493,0.37885712265427063,0.24370494331340778,1.1011491890474057,20.73776070771621
2032016830,132.72903460979515,0.351030073526012,0.25144076714058833,1.0957125457477617,21.170110791279615
