id,Tg,FFV,Tc,Density,Rg
1109053969,154.93230063369998,0.3728296199999999,0.17790000000000006,1.1583073995700002,20.898423443400002
1422188626,159.93793155439982,0.3744747199999997,0.23642500000000005,1.1121134682699994,19.2412694188
2032016830,92.90035909950002,0.3504639900000007,0.27606000000000014,1.0980864218599997,20.7833115724
