id,Tg,FFV,Tc,Density,Rg
1109053969,168.23559721747847,0.37506785294318334,0.19011661256722295,1.1335004927999999,21.41129800279999
1422188626,190.20066302898047,0.37983297871482996,0.2338356708842391,1.1111951146199999,19.920059053400003
2032016830,117.76692727823755,0.3529726845524731,0.2627456081863033,1.0849456760600003,20.361164842200004
