id,Tg,FFV,Tc,Density,Rg
1109053969,159.13634766059988,0.37347876429999993,0.21082373688468542,1.16414434513,21.57433007599999
1422188626,169.14440749459993,0.38100687249999976,0.2365214612844272,1.114902129799999,20.394322637400002
2032016830,104.74584816820001,0.3504176659,0.24914045569911286,1.0843638253500003,20.789192569500006
