id,Tg,FFV,Tc,Density,Rg
1109053969,161.5273892081999,0.3735569658999999,0.21082373688468542,1.1272982722399996,20.58533746219999
1422188626,167.2972983050998,0.3804255839999997,0.2365214612844272,1.11824595021,20.2120372269
2032016830,96.97503585009001,0.3507458283999998,0.24914045569911286,1.07944116089,20.547315017699994
